name,mass,radius,habital_zone_distance
Kepler-9 d,0.02,2,-2.42
PSR 1257 12 b,0.02,0.31,-2.31
Kepler-37 b,0.02,0.32,-2.16
Mercury,0.06,0.38,-1.71
KIC-12557548 b,0.1,0.85,-2.26
Mars,0.11,0.53,0.5
Kepler-62 c,0.12,0.54,-2.01
Kepler-42 d,0.14,0.57,-1.72
KOI-82 d,0.26,0.69,-2.14
Kepler-141 b,0.27,0.69,-2.26
Kepler-378 c,0.27,0.69,-1.69
Kepler-124 b,0.31,0.73,-2.24
Kepler-42 c,0.31,0.73,-2
KOI-1843 b,0.32,0.58,-2.19
Kepler-345 b,0.32,0.74,-2.03
Kepler-125 c,0.32,0.74,-1.9
Kepler-37 c,0.34,0.75,-2.05
Kepler-378 b,0.34,0.75,-1.91
Kepler-390 c,0.39,0.78,-2.11
Kepler-42 b,0.39,0.78,-1.83
Kepler-220 b,0.43,0.81,-2.16
Kepler-388 b,0.43,0.81,-2.16
Kepler-70  b,0.45,0.76,-2.62
Kepler-390 b,0.45,0.82,-2.22
Kepler-314 b,0.47,0.83,-2.35
Kepler-352 b,0.53,0.86,-2.17
Kepler-388 c,0.53,0.86,-1.89
Kepler-20 e,0.56,0.87,-2.33
Kepler-271 b,0.58,0.88,-2.32
Kepler-387 c,0.58,0.88,-2.29
Kepler-362 b,0.58,0.88,-2.24
Kepler-303 b,0.58,0.88,-2.1
Kepler-353 b,0.58,0.88,-1.91
Kepler-68 c,0.63,0.91,-2.34
Kepler-197 e,0.63,0.91,-2.23
Kepler-119 c,0.66,0.92,-2.34
Kepler-70 c,0.67,0.87,-2.62
Kepler-398 b,0.68,0.93,-2.13
Kepler-296 b,0.71,0.94,-2.09
Kepler-399 b,0.77,0.96,-2.13
Kepler-220 d,0.8,0.97,-1.7
Venus,0.81,0.95,-1.06
Kepler-381 b,0.83,0.99,-2.44
Kepler-392 b,0.86,1,-2.4
Kepler-271 c,0.86,1,-2.28
KOI-2700 b,0.86,1.06,-2.24
Kepler-322 b,0.89,1.01,-2.37
Kepler-282 b,0.89,1.01,-2.33
Kepler-20 f,0.89,1.01,-2.19
Kepler-398 c,0.89,1.01,-1.93
Kepler-336 b,0.92,1.02,-2.44
Kepler-197 b,0.92,1.02,-2.4
Kepler-130 b,0.92,1.02,-2.36
Kepler-374 b,0.96,1.03,-2.44
Kepler-387 b,0.96,1.03,-2.35
Kepler-395 b,0.96,1.03,-1.97
Kepler-327 c,0.96,1.03,-1.91
Earth,1,1,-0.52
Kepler-138 c,1.01,1.61,-1.41
Kepler-163 b,1.03,1.05,-2.31
Kepler-376 b,1.07,1.06,-2.4
Kepler-107 d,1.07,1.06,-2.37
Kepler-316 b,1.07,1.06,-2.14
Kepler-115 b,1.14,1.09,-2.44
alf Cen B b,1.14,1.09,-2.31
Kepler-212 b,1.14,1.09,-2.31
Kepler-332 c,1.14,1.09,-2
Kepler-249 b,1.14,1.09,-1.94
Kepler-374 c,1.18,1.1,-2.41
Kepler-392 c,1.18,1.1,-2.34
Kepler-59 b,1.18,1.1,-2.31
Kepler-307 c,1.21,2.8,-2.23
Kepler-327 b,1.23,1.11,-2.04
Kepler-124 d,1.23,1.11,-1.75
Kepler-333 c,1.23,1.11,-1.53
Kepler-186f,1.23,1.11,0.45
Kepler-381 c,1.27,1.12,-2.38
Kepler-334 b,1.27,1.12,-2.37
Kepler-285 c,1.27,1.12,-2.27
Kepler-384 b,1.27,1.12,-2.11
Kepler-250 b,1.31,1.13,-2.27
Kepler-169 b,1.31,1.13,-2.26
Kepler-369 b,1.31,1.13,-1.98
Kepler-384 c,1.31,1.13,-1.9
Kepler-320 b,1.35,1.14,-2.42
Kepler-324 b,1.35,1.14,-2.27
Kepler-186 b,1.35,1.14,-2.03
Kepler-303 c,1.35,1.14,-1.87
Kepler-363 b,1.4,1.15,-2.39
Kepler-135 c,1.4,1.15,-2.36
Kepler-339 c,1.4,1.15,-2.28
Kepler-316 c,1.4,1.15,-1.95
Kepler-185 b,1.45,1.16,-2.34
Kepler-339 d,1.45,1.16,-2.23
Kepler-332 b,1.45,1.16,-2.15
Kepler-295 c,1.45,1.16,-2.13
Kepler-341 b,1.49,1.18,-2.39
Kepler-332 d,1.49,1.18,-1.75
Kepler-380 b,1.54,1.19,-2.43
Kepler-90 c,1.54,1.19,-2.35
Kepler-310 b,1.54,1.19,-2.23
Kepler-206 d,1.54,1.19,-2.21
Kepler-208 d,1.59,1.2,-2.37
Kepler-206 b,1.59,1.2,-2.35
Kepler-282 c,1.59,1.2,-2.29
Kepler-85 d,1.59,1.2,-2.15
Kepler-345 c,1.59,1.2,-1.99
Kepler-225 b,1.59,1.2,-1.8
Kepler-367 c,1.59,1.2,-1.4
Kepler-78 b,1.6,1.2,-2.37
Kepler-132 b,1.65,1.21,-2.4
Kepler-326 d,1.65,1.21,-2.21
Kepler-169 c,1.65,1.21,-2.19
Kepler-189 b,1.65,1.21,-2.15
Kepler-81 d,1.65,1.21,-1.68
Kepler-402 b,1.7,1.22,-2.44
Kepler-197 d,1.7,1.22,-2.3
Kepler-226 d,1.7,1.22,-2.26
Kepler-295 b,1.7,1.22,-2.23
Kepler-177 b,1.7,2.9,-2.09
Kepler-197 c,1.75,1.23,-2.35
Kepler-252 b,1.75,1.23,-1.97
Kepler-54 c,1.75,1.23,-1.63
KIC-5522786 b,1.75,1.23,-1.24
Kepler-88 b,1.76,4.22,-2.24
Kepler-286 b,1.81,1.24,-2.39
Kepler-373 c,1.81,1.24,-2.18
Kepler-352 c,1.81,1.24,-2.07
Kepler-354 d,1.81,1.24,-1.77
Kepler-383 c,1.81,1.24,-1.69
Kepler-403 b,1.86,1.25,-2.41
Kepler-150 b,1.86,1.25,-2.36
Kepler-134 c,1.86,1.25,-2.35
Kepler-162 b,1.86,1.25,-2.34
Kepler-211 b,1.86,1.25,-2.27
Kepler-169 d,1.86,1.25,-2.15
Kepler-11 b,1.9,1.8,-2.3
Kepler-380 c,1.92,1.27,-2.39
Kepler-181 b,1.92,1.27,-2.31
Kepler-404 b,1.92,1.27,-2.23
Kepler-85 e,1.92,1.27,-2.07
Gl 581 e,1.94,1.27,-1.85
Kepler-132 c,1.98,1.28,-2.4
Kepler-235 c,1.98,1.28,-1.95
Kepler-65 d,2,1.51,-2.42
Kepler-11 f,2,2.49,-2.01
Kepler-312 b,2.04,1.29,-2.48
Kepler-173 b,2.04,1.29,-2.41
Kepler-393 b,2.04,1.29,-2.4
Kepler-211 c,2.04,1.29,-2.23
Kepler-80 f,2.1,1.3,-2.27
Kepler-51 b,2.1,7.09,-1.94
Kepler-367 b,2.1,1.3,-1.59
Kepler-374 d,2.17,1.31,-2.38
Kepler-90 b,2.17,1.31,-2.38
Kepler-62 b,2.17,1.31,-2.15
Kepler-354 c,2.17,1.31,-1.89
Kepler-157 b,2.23,1.32,-2.42
Kepler-299 b,2.23,1.32,-2.38
Kepler-382 b,2.23,1.32,-2.34
Kepler-292 b,2.23,1.32,-2.33
Kepler-383 b,2.23,1.32,-1.98
Kepler-333 b,2.23,1.32,-1.81
Kepler-395 c,2.23,1.32,-1.35
Kepler-144 b,2.3,1.33,-2.41
Kepler-101 c,2.3,1.33,-2.37
Kepler-393 c,2.3,1.33,-2.36
Kepler-348 c,2.3,1.33,-2.34
Kepler-251 b,2.3,1.33,-2.32
Kepler-286 d,2.3,1.33,-2.31
Kepler-186 e,2.3,1.33,-1.47
Kepler-220 e,2.3,1.33,-1.44
KOI-82 c,2.34,1.34,-2.08
Kepler-301 b,2.37,1.34,-2.4
Kepler-144 c,2.37,1.34,-2.37
Kepler-301 c,2.37,1.34,-2.35
Kepler-285 b,2.37,1.34,-2.34
Kepler-191 b,2.37,1.34,-2.18
Kepler-330 b,2.37,1.34,-2.16
Kepler-186 c,2.37,1.34,-1.9
HD 20794 c,2.42,1.35,-1.97
Kepler-372 b,2.44,1.36,-2.45
Kepler-373 b,2.44,1.36,-2.34
Kepler-262 b,2.44,1.36,-2.25
Kepler-295 d,2.44,1.36,-2.02
Kepler-286 c,2.51,1.37,-2.35
Kepler-320 c,2.51,1.37,-2.33
Kepler-307 b,2.51,3.2,-2.26
Kepler-240 b,2.51,1.37,-2.23
Kepler-167 c,2.51,1.37,-2.12
Kepler-84 d,2.58,1.38,-2.41
Kepler-402 d,2.58,1.38,-2.39
Kepler-353 c,2.58,1.38,-1.82
Kepler-208 c,2.65,1.39,-2.4
Kepler-377 b,2.65,1.39,-2.33
Kepler-224 b,2.65,1.39,-2.26
Kepler-386 b,2.65,1.39,-2.12
HD 20794 b,2.7,1.4,-2.16
GJ 667C f,2.7,1.4,-0.23
GJ 667C e,2.7,1.4,0.5
Kepler-127 b,2.73,1.4,-2.35
Kepler-326 c,2.73,1.4,-2.25
Kepler-80 d,2.73,1.4,-2.19
Kepler-329 b,2.73,1.4,-1.95
HD 215152 b,2.77,1.41,-2.18
Kepler-187 b,2.81,1.41,-2.43
Kepler-164 b,2.81,1.41,-2.39
Kepler-237 b,2.81,1.41,-2.2
Kepler-334 d,2.81,1.41,-2.18
Kepler-141 c,2.81,1.41,-2.17
Kepler-369 c,2.81,1.41,-1.44
Kepler-62 f,2.81,1.41,0.46
Kepler-65 b,2.89,1.42,-2.48
Kepler-339 b,2.89,1.42,-2.32
Kepler-11 c,2.9,2.87,-2.27
Kepler-323 b,2.97,1.43,-2.46
Kepler-272 b,2.97,1.43,-2.33
Kepler-203 d,2.97,1.43,-2.31
Kepler-334 c,2.97,1.43,-2.29
Kepler-176 b,2.97,1.43,-2.27
Kepler-311 c,2.97,1.43,-2.26
Kepler-176 d,2.97,2.51,-2
Kepler-399 c,2.97,1.43,-1.97
Kepler-239 c,2.97,2.51,-1.51
Kepler-309 c,2.97,2.51,-0.9
Kepler-361 c,3.02,2.52,-2.12
Kepler-361 b,3.05,1.44,-2.41
Kepler-280 b,3.05,1.44,-2.4
Kepler-375 b,3.05,1.44,-2.25
Kepler-167 b,3.05,1.44,-2.19
Kepler-362 c,3.05,1.44,-1.91
Kepler-340 b,3.06,2.53,-2.45
Kepler-313 b,3.06,2.53,-2.31
Kepler-204 b,3.06,2.53,-2.3
Kepler-153 c,3.06,2.53,-1.86
HD 215152 c,3.08,1.45,-2.11
Kepler-325 c,3.1,2.54,-2.27
Kepler-268 b,3.1,2.54,-2.25
Kepler-156 c,3.1,2.54,-2.06
Kepler-81 b,3.1,2.54,-2.04
Kepler-129 c,3.1,2.54,-2
Kepler-366 b,3.14,1.46,-2.45
Kepler-168 b,3.14,1.46,-2.44
Kepler-402 e,3.14,1.46,-2.36
Kepler-355 b,3.14,1.46,-2.35
Kepler-190 c,3.14,1.46,-2.27
Kepler-389 c,3.14,1.46,-2.13
Kepler-175 b,3.15,2.55,-2.32
Kepler-171 c,3.15,2.55,-2.22
Kepler-203 b,3.19,2.56,-2.41
Kepler-313 c,3.19,2.56,-2.2
Kepler-245 b,3.19,2.56,-2.19
Kepler-241 c,3.19,2.56,-1.62
Kepler-292 c,3.22,1.47,-2.3
Kepler-137 b,3.22,1.47,-2.19
Kepler-182 b,3.24,2.58,-2.38
Kepler-60 d,3.24,2.58,-2.36
Kepler-80 c,3.24,2.58,-2.02
Kepler-49 c,3.24,2.58,-1.77
Kepler-169 f,3.24,2.58,-1.26
Kepler-194 c,3.28,2.59,-2.28
Kepler-265 e,3.28,2.59,-1.92
Kepler-218 b,3.31,1.48,-2.35
Kepler-208 e,3.31,1.48,-2.33
Kepler-123 c,3.31,1.48,-2.25
Kepler-115 c,3.33,2.6,-2.36
Kepler-84 e,3.33,2.6,-2.18
Kepler-122 e,3.33,2.6,-2.16
Kepler-176 c,3.33,2.6,-2.16
Kepler-214 b,3.38,2.61,-2.35
Kepler-257 b,3.38,2.61,-2.33
Kepler-242 b,3.38,2.61,-2.18
Kepler-344 b,3.38,2.61,-2.17
Kepler-284 c,3.38,2.61,-1.92
Kepler-400 c,3.4,1.49,-2.27
Kepler-174 c,3.4,1.49,-1.52
Kepler-319 c,3.47,2.63,-2.29
Kepler-265 c,3.47,2.63,-2.26
Kepler-221 e,3.47,2.63,-2.06
Kepler-207 c,3.49,1.5,-2.44
Kepler-273 b,3.49,1.5,-2.37
Kepler-180 b,3.49,1.5,-2.27
Kepler-246 c,3.49,1.5,-2.15
Kepler-80 e,3.49,1.5,-2.14
HD 40307 e,3.5,1.5,-1.69
HD 85512 b,3.5,1.5,-1.09
Kepler-299 c,3.52,2.64,-2.32
Kepler-253 c,3.52,2.64,-2.16
Kepler-375 c,3.52,2.64,-2.16
Kepler-127 d,3.52,2.64,-2.14
Kepler-346 b,3.57,2.65,-2.38
Kepler-127 c,3.57,2.65,-2.25
KIC-10905746 b,3.57,2.65,-1.88
Kepler-194 b,3.59,1.51,-2.45
Kepler-389 b,3.59,1.51,-2.32
Kepler-205 b,3.59,1.51,-2.14
Kepler-249 c,3.59,1.51,-1.75
Kepler-187 c,3.62,2.67,-2.37
Kepler-292 e,3.62,2.67,-2.16
Kepler-263 b,3.62,2.67,-2.08
Kepler-357 c,3.62,2.67,-2.05
Kepler-288 d,3.62,2.67,-1.99
Kepler-90 e,3.62,2.67,-1.83
Kepler-228 b,3.69,1.52,-2.44
Kepler-348 b,3.69,1.52,-2.42
Kepler-126 b,3.69,1.52,-2.4
Kepler-147 b,3.69,1.52,-2.36
Kepler-326 b,3.69,1.52,-2.31
Kepler-306 b,3.69,1.52,-2.21
Kepler-120 c,3.69,1.52,-1.75
Kepler-54 d,3.69,1.52,-1.3
Kepler-168 c,3.72,2.69,-2.35
HD 39194 b,3.72,1.53,-2.25
Kepler-49 b,3.72,2.69,-1.89
KIC-12454613 b,3.72,2.69,1.54
Kepler-228 c,3.77,2.7,-2.41
Kepler-259 c,3.77,2.7,-2.04
Kepler-290 c,3.77,2.7,-1.77
Kepler-337 b,3.78,1.53,-2.42
Kepler-160 b,3.78,1.53,-2.38
Kepler-274 b,3.78,1.53,-2.32
GJ 667C c,3.8,1.54,-0.62
Kepler-25 b,3.81,2.71,-2.43
Kepler-294 c,3.82,2.71,-2.35
Kepler-355 c,3.82,2.71,-2.22
PSR 1257 12 d,3.82,1.54,-2.08
Kepler-305 d,3.82,2.71,-2.04
Kepler-233 c,3.82,2.71,-1.61
Kepler-138 b,3.83,1.61,-1.66
Kepler-358 b,3.87,2.72,-2.07
Kepler-226 b,3.88,1.55,-2.33
Kepler-255 b,3.88,1.55,-2.31
Kepler-132 d,3.88,1.55,-2.29
Kepler-364 b,3.88,1.55,-2.26
Kepler-55 e,3.88,1.55,-2.07
Kepler-195 c,3.88,1.55,-1.87
Kepler-385 b,3.92,2.73,-2.39
Kepler-164 c,3.92,2.73,-2.33
Kepler-192 b,3.92,2.73,-2.25
Kepler-212 c,3.92,2.73,-2.21
Kepler-221 d,3.92,2.73,-2.18
Kepler-193 c,3.97,2.74,-2.11
Kepler-304 d,3.97,2.74,-2.06
Kepler-107 b,3.99,1.56,-2.43
Kepler-402 c,3.99,1.56,-2.41
Kepler-190 b,3.99,1.56,-2.31
Kepler-309 b,3.99,1.56,-2.14
Kepler-186 d,3.99,1.56,-1.71
Kepler-49 e,3.99,1.56,-1.54
Kepler-51 c,4,8.99,-1.65
HD 40307 b,4.01,1.56,-2.21
Kepler-244 b,4.02,2.76,-2.32
Kepler-172 e,4.02,2.76,-2.04
Kepler-251 c,4.08,2.77,-2.16
Kepler-251 d,4.08,2.77,-2.02
Kepler-251 e,4.08,2.77,-1.5
Kepler-207 b,4.09,1.57,-2.46
Kepler-356 b,4.09,1.57,-2.44
Kepler-220 c,4.09,1.57,-2.04
Kepler-236 b,4.09,1.57,-1.78
Kepler-249 d,4.09,1.57,-1.42
Kepler-79 e,4.1,3.49,-1.94
PSR 1257 12 c,4.13,1.57,-2.16
HD 156668 b,4.17,1.58,-2.2
Kepler-150 d,4.18,2.79,-2.22
Kepler-192 c,4.18,2.79,-2.13
Kepler-325 d,4.18,2.79,-2.04
Kepler-152 b,4.18,2.79,-1.99
Kepler-111 b,4.2,1.58,-2.42
Kepler-126 c,4.2,1.58,-2.32
Kepler-386 c,4.2,1.58,-1.95
Kepler-259 b,4.24,2.8,-2.33
Kepler-24 c,4.24,2.8,-2.29
Kepler-66 b,4.24,2.8,-2.23
Kepler-20 d,4.24,2.8,-1.75
Kepler-219 d,4.29,2.81,-2.12
Kepler-256 b,4.31,1.59,-2.41
Kepler-370 b,4.31,1.59,-2.37
Kepler-200 c,4.31,1.59,-2.27
Kepler-382 c,4.31,1.59,-2.25
Kepler-55 d,4.31,1.59,-2.17
Kepler-55 f,4.31,1.59,-1.91
Kepler-281 b,4.34,2.82,-2.21
Kepler-198 b,4.34,2.82,-2.17
Kepler-264 c,4.34,2.82,-1.86
Kepler-133 c,4.4,2.83,-2.19
GJ 682 b,4.4,1.6,-1.1
Kepler-410A b,4.41,2.84,-2.37
Kepler-394 b,4.42,1.6,-2.42
Kepler-49 d,4.42,1.6,-2.08
Kepler-288 c,4.45,2.84,-2.25
GJ 676A d,4.45,1.6,-2.06
Kepler-358 c,4.45,2.84,-1.73
Kepler-201 c,4.45,2.84,-1.65
Kepler-36 b,4.46,1.48,-2.36
Kepler-142 c,4.51,2.86,-2.39
Kepler-172 c,4.51,2.86,-2.32
Kepler-170 c,4.51,2.86,-2.21
Kepler-304 b,4.51,2.86,-2.21
Kepler-140 b,4.54,1.61,-2.45
Kepler-105 c,4.54,1.61,-2.37
Kepler-149 c,4.54,1.61,-1.79
Kepler-62 e,4.54,1.61,-0.69
Kepler-276 b,4.57,2.87,-2.24
Kepler-297 b,4.57,2.87,-1.98
Kepler-10 b,4.6,1.46,-2.43
Kepler-178 c,4.62,2.88,-2.2
Kepler-90 d,4.62,2.88,-1.99
Kepler-208 b,4.65,1.62,-2.44
Kepler-323 c,4.65,1.62,-2.43
Kepler-213 b,4.65,1.62,-2.41
Kepler-319 b,4.65,1.62,-2.33
Kepler-215 b,4.65,1.62,-2.31
Kepler-253 b,4.65,1.62,-2.28
Kepler-202 b,4.65,1.62,-2.17
Kepler-90 f,4.68,2.89,-1.73
Kepler-178 b,4.74,2.9,-2.31
Kepler-314 c,4.74,2.9,-2.29
Kepler-21 b,4.76,1.63,-2.48
Kepler-179 b,4.77,1.64,-2.32
Kepler-247 b,4.77,1.64,-2.27
Kepler-365 c,4.77,1.64,-2.26
Kepler-262 c,4.77,1.64,-2.15
Kepler-130 d,4.77,1.64,-1.85
Kepler-205 c,4.77,1.64,-1.65
HD 20794 d,4.77,1.64,-1.62
Kepler-331 d,4.77,1.64,-1.36
Kepler-325 b,4.8,2.91,-2.37
Kepler-29 c,4.8,2.91,-2.25
Kepler-53 b,4.8,2.91,-2.19
Kepler-67 b,4.8,2.91,-2.1
Kepler-114 d,4.8,2.53,-1.93
Kepler-221 c,4.86,2.92,-2.25
Kepler-153 b,4.86,2.92,-2.12
Kepler-360 b,4.89,1.65,-2.43
Kepler-400 b,4.89,1.65,-2.34
Kepler-123 b,4.92,2.93,-2.32
Kepler-139 b,4.92,2.93,-2.26
Kepler-58 d,4.92,2.93,-2.04
Kepler-219 b,4.98,2.95,-2.4
Kepler-154 c,4.98,2.95,-1.86
Kepler-344 c,4.98,2.95,-1.5
Kepler-394 c,5.02,1.66,-2.38
Kepler-379 b,5.02,1.66,-2.29
61 Vir b,5.09,1.66,-2.34
GJ 667C d,5.1,1.67,1.3
Kepler-288 b,5.14,1.67,-2.38
Kepler-322 c,5.14,1.67,-2.31
Kepler-300 b,5.14,1.67,-2.3
HD 39194 d,5.15,1.67,-1.91
Kepler-223 d,5.16,2.98,-2.26
HD 40307 f,5.21,1.68,-1.47
Kepler-255 c,5.22,2.99,-2.25
Kepler-188 b,5.27,1.68,-2.45
HD 136352 b,5.28,1.68,-2.31
Kepler-338 d,5.28,3,-2.21
Kepler-248 b,5.34,3.01,-2.23
Kepler-180 c,5.34,3.01,-2.04
Kepler-363 c,5.4,1.69,-2.35
Kepler-223 b,5.4,1.69,-2.34
Kepler-269 c,5.4,1.69,-2.32
Kepler-372 d,5.4,1.69,-2.26
Kepler-162 c,5.4,3.02,-2.2
Kepler-57 c,5.4,1.57,-2.11
Kepler-47(AB) b,5.4,3.02,-1.84
Kepler-245 d,5.4,3.02,-1.81
Gl 581 c,5.4,1.69,-1.22
Kepler-385 c,5.46,3.04,-2.34
Kepler-216 c,5.46,3.04,-2.31
Kepler-227 c,5.46,3.04,-1.97
Kepler-341 c,5.54,1.7,-2.36
Kepler-311 b,5.54,1.7,-2.35
Kepler-151 b,5.59,3.06,-2.14
Kepler-351 b,5.59,3.06,-1.95
Kepler-350 c,5.6,3.1,-2.34
GJ 667C b,5.6,1.71,-1.57
Kepler-238 d,5.66,3.07,-2.2
Kepler-346 c,5.66,3.07,-2.2
Kepler-293 b,5.66,3.07,-2.19
Kepler-335 c,5.66,3.07,-2.12
KIC-6436029 b,5.66,3.07,1.82
Kepler-401 b,5.68,1.71,-2.35
Kepler-221 b,5.68,1.71,-2.31
Kepler-317 c,5.68,1.71,-2.26
Kepler-404 c,5.68,1.71,-2.19
Kepler-69 c,5.68,1.71,-1.06
Kepler-92 c,5.69,2.61,-2.21
Kepler-232 b,5.72,3.08,-2.38
GJ 433 b,5.79,1.72,-1.66
Kepler-238 b,5.82,1.72,-2.38
Kepler-231 b,5.82,1.72,-1.7
Kepler-327 d,5.82,1.72,-1.59
Kepler-104 b,5.85,3.1,-2.33
Kepler-227 b,5.85,3.1,-2.33
Kepler-199 b,5.85,3.1,-2.13
Kepler-175 c,5.85,3.1,-2.12
Kepler-209 c,5.85,3.1,-1.93
HD 1461 c,5.91,1.73,-2.27
Kepler-224 c,5.92,3.11,-2.19
Kepler-150 e,5.92,3.11,-2.04
HD 39194 c,5.95,1.74,-2.13
Kepler-260 c,5.96,1.74,-1.55
Kepler-104 c,5.99,3.12,-2.24
Kepler-146 c,5.99,3.12,-1.93
Gl 581 d,6.04,1.74,0.77
Kepler-218 c,6.05,3.14,-1.95
Kepler-301 d,6.1,1.75,-2.24
Kepler-347 c,6.1,1.75,-2.18
Kepler-305 c,6.1,3.3,-2.16
Kepler-403 c,6.1,1.75,-2.1
Kepler-124 c,6.1,1.75,-2.01
Kepler-215 e,6.1,1.75,-1.87
Kepler-296 e,6.1,1.75,-1.36
Kepler-312 c,6.12,3.15,-2.33
Kepler-324 c,6.12,3.15,-1.71
HD 154088 b,6.14,1.75,-2.13
Kepler-222 b,6.19,3.16,-2.32
Kepler-133 b,6.25,1.76,-2.36
Kepler-253 d,6.26,3.17,-2.04
Kepler-177 c,6.3,7.11,-2
HD 215497 b,6.36,1.77,-2.28
Kepler-188 c,6.39,3.19,-2.4
Kepler-391 b,6.39,3.19,-2.32
Kepler-170 b,6.39,3.19,-2.31
Kepler-351 c,6.39,3.19,-1.78
Kepler-87 c,6.39,6.15,-1.71
Kepler-294 b,6.4,1.77,-2.4
Kepler-82 d,6.4,1.77,-2.39
Kepler-321 b,6.4,1.77,-2.38
Kepler-206 c,6.4,1.77,-2.29
Kepler-270 c,6.4,1.77,-2.28
Kepler-215 c,6.4,1.77,-2.26
Kepler-286 e,6.4,1.77,-2.03
GJ 180 c,6.4,1.77,-0.53
GJ 1214 b,6.46,2.67,-1.84
Kepler-371 c,6.56,1.78,-1.83
HD 40307 c,6.61,1.78,-2.09
Gliese 876 d,6.68,1.79,-1.96
Kepler-33 b,6.72,1.79,-2.42
Kepler-366 c,6.72,1.79,-2.34
Kepler-376 c,6.72,1.79,-2.3
Kepler-272 c,6.72,1.79,-2.28
Kepler-204 c,6.72,1.79,-2.21
Kepler-52 c,6.72,1.79,-1.64
Kepler-296 f,6.72,1.79,-0.88
Kepler-33 c,6.75,3.25,-2.37
Kepler-23 c,6.75,3.25,-2.35
Kepler-199 c,6.75,3.25,-1.8
Kepler-368 b,6.82,3.26,-2.25
Kepler-287 c,6.82,3.26,-2.01
Kepler-18 b,6.87,2,-2.34
Kepler-135 b,6.88,1.8,-2.42
Kepler-107 c,6.88,1.8,-2.4
Kepler-356 c,6.88,1.8,-2.36
Kepler-148 b,6.88,1.8,-2.35
Kepler-140 c,6.88,1.8,-1.92
Kepler-50 c,6.99,2.8,-2.42
GJ 3634 b,6.99,1.81,-1.9
Kepler-114 b,7,1.18,-2.1
Kepler-331 b,7.04,1.81,-1.92
Kepler-283 c,7.04,1.81,-0.56
HD 40307 g,7.09,1.82,-0.21
Kepler-207 d,7.12,3.3,-2.41
Kepler-110 b,7.21,1.83,-2.32
GJ 163 c,7.26,1.83,-0.95
Kepler-264 b,7.27,3.33,-2.23
Kepler-275 d,7.27,3.33,-2.23
Kepler-11 d,7.3,3.12,-2.18
Kepler-357 b,7.38,1.84,-2.21
Kepler-274 c,7.38,1.84,-2.13
Kepler-354 b,7.38,1.84,-2.13
Kepler-331 c,7.38,1.84,-1.69
Kepler-225 c,7.38,1.84,-1.36
CoRoT-7 b,7.42,1.67,-2.38
Kepler-28 c,7.49,3.36,-2.03
Kepler-217 c,7.56,1.85,-2.43
Kepler-350 b,7.56,1.85,-2.39
Kepler-341 d,7.56,1.85,-2.17
Kepler-202 c,7.56,1.85,-1.9
Kepler-340 c,7.57,3.37,-2.41
Kepler-143 c,7.57,3.37,-2.23
HD 181433 b,7.57,1.85,-2.13
Kepler-68 b,7.59,2.3,-2.38
HD 1461 b,7.6,1.85,-2.36
KOI-620.02 b,7.6,9.69,-1.39
Kepler-50 b,7.63,2.24,-2.43
Kepler-335 b,7.65,3.38,-2.41
Kepler-275 c,7.65,3.38,-2.35
Kepler-268 c,7.65,3.38,-1.94
Kepler-310 c,7.65,3.38,-1.85
Kepler-139 c,7.65,3.38,-1.53
Kepler-265 b,7.73,1.86,-2.36
Kepler-299 d,7.73,1.86,-2.22
Kepler-191 c,7.73,1.86,-2.06
Kepler-159 c,7.81,3.4,-1.46
HD 97658 b,7.86,2.34,-2.16
Kepler-116 b,7.89,3.42,-2.43
Kepler-299 e,7.92,1.87,-2.02
Kepler-48 d,7.93,2.04,-1.82
Kepler-182 c,7.97,3.43,-2.29
Kepler-357 d,7.97,3.43,-1.69
Kepler-48 b,8.05,1.88,-2.27
Kepler-36 c,8.08,3.68,-2.34
Kepler-291 c,8.1,1.88,-2.38
KOI-1781 b,8.1,1.88,-2.27
Kepler-137 c,8.1,1.88,-2.04
Kepler-107 e,8.13,3.45,-2.32
Kepler-371 b,8.29,1.89,-2.06
Kepler-171 d,8.29,1.89,-1.92
Kepler-399 d,8.29,1.89,-1.64
GJ 180 b,8.3,1.89,-0.87
55 Cnc e,8.32,1.99,-2.37
HD 93385 b,8.36,1.9,-2.32
CoRoT-7 c,8.39,1.9,-2.31
Kepler-11 e,8.4,4.53,-2.11
GJ 176 b,8.43,1.9,-1.72
Kepler-20 b,8.45,1.9,-2.34
Kepler-23 b,8.48,1.9,-2.38
Kepler-349 b,8.48,1.9,-2.37
Kepler-370 c,8.48,1.9,-2.18
Kepler-196 b,8.48,1.9,-1.99
Kepler-158 c,8.48,1.9,-1.66
Kepler-234 c,8.54,3.51,-2.4
BD-061339 b,8.58,1.91,-2.23
HD 41248 c,8.62,1.91,-2.03
Kepler-359 b,8.7,3.53,-2.24
KIC-8552719 b,8.7,3.53,-1.84
GJ 682 c,8.7,1.92,0.2
Kepler-391 c,8.79,3.54,-2.27
Kepler-298 c,8.88,1.93,-1.67
Kepler-329 c,8.88,1.93,-1.65
Kepler-231 c,8.88,1.93,-1.4
HD 96700 b,9.03,1.93,-2.37
Kepler-219 c,9.05,3.57,-2.26
Kepler-104 d,9.05,3.57,-2.09
Kepler-83 d,9.09,1.94,-2
Kepler-37 d,9.1,1.94,-1.86
Kepler-29 b,9.13,3.58,-2.29
Kepler-278 c,9.13,3.58,-2.15
Kepler-28 b,9.13,3.58,-2.1
Kepler-26 b,9.13,3.58,-1.93
Kepler-26 c,9.13,3.58,-1.83
Kepler-83 c,9.15,1.94,-1.56
Kepler-119 b,9.22,3.6,-2.37
Kepler-148 c,9.22,3.6,-2.29
HD 7924 b,9.22,1.94,-2.24
HD 134606 b,9.28,1.95,-2.3
Kepler-330 c,9.29,1.95,-2.03
Kepler-62 d,9.29,1.95,-1.9
Kepler-52 d,9.29,1.95,-1.15
Kepler-160 c,9.31,3.61,-2.25
Kepler-258 c,9.31,3.61,-1.87
Kepler-279 b,9.4,3.62,-2.42
Kepler-342 c,9.51,1.96,-2.29
Kepler-349 c,9.51,1.96,-2.28
Kepler-118 b,9.51,1.96,-2.27
Kepler-174 b,9.51,1.96,-1.97
Kepler-298 b,9.51,1.96,-1.94
HD 40307 d,9.51,1.96,-1.9
Kepler-89 c,9.54,4.32,-2.41
Gl 649 c,9.54,1.96,-1.89
HD 136352 d,9.54,1.96,-1.73
Kepler-347 b,9.72,1.97,-2.31
Kepler-184 c,9.72,1.97,-2.16
Kepler-224 e,9.72,1.97,-1.95
Kepler-11 g,9.79,3.67,-1.62
Kepler-318 c,9.85,3.67,-2.3
GJ 422 b,9.9,1.98,-0.98
Kepler-150 c,9.94,3.68,-2.29
Kepler-222 d,9.94,3.68,-2
Kepler-273 c,9.95,1.98,-2.28
Kepler-267 b,9.95,1.98,-2.1
Kepler-234 b,10.03,3.7,-2.46
Kepler-32 c,10.03,3.7,-1.68
HD 189567 b,10.05,3.7,-2.28
HD 93385 c,10.11,3.71,-2.09
Kepler-146 b,10.12,3.71,-2.18
Kepler-142 b,10.17,1.99,-2.43
Kepler-134 b,10.17,1.99,-2.41
Kepler-136 c,10.17,1.99,-2.34
Kepler-223 c,10.17,1.99,-2.32
Kepler-181 c,10.17,1.99,-2.28
Kepler-179 c,10.17,1.99,-2.24
Kepler-242 c,10.17,1.99,-2.08
Kepler-341 e,10.17,1.99,-2.06
Kepler-243 c,10.17,1.99,-2.03
Kepler-261 c,10.17,1.99,-1.94
Kepler-236 c,10.17,1.99,-1.3
GJ 160.2 b,10.2,3.72,-2.13
HD 21693 b,10.24,3.72,-2.12
HD 13808 b,10.33,3.73,-2.1
Kepler-270 b,10.4,2,-2.37
Kepler-280 c,10.4,2,-2.35
Kepler-260 b,10.4,2,-2.22
Kepler-89 b,10.49,1.71,-2.46
HD 69830 b,10.49,3.75,-2.24
mu Ara c,10.56,3.76,-2.32
Kepler-315 b,10.59,3.76,-1.72
GJ 163 b,10.62,3.77,-1.61
Kepler-343 c,10.64,2.02,-2.25
Kepler-59 c,10.64,2.02,-2.24
Kepler-185 c,10.64,2.02,-2.02
Kepler-195 b,10.88,2.03,-2.21
KIC-9662267 b,10.98,3.81,0.12
Kepler-365 b,11.12,2.04,-2.33
Kepler-230 c,11.12,2.04,-1.5
HD 134060 b,11.16,3.83,-2.43
Kepler-210 b,11.17,3.83,-2.25
Kepler-232 c,11.18,3.83,-2.28
Kepler-293 c,11.18,3.83,-1.9
Kepler-229 d,11.27,3.84,-1.7
Kepler-305 b,11.32,3.61,-2.21
Kepler-136 b,11.37,2.05,-2.38
Kepler-337 c,11.37,2.05,-2.36
Kepler-363 d,11.37,2.05,-2.31
Kepler-244 c,11.37,2.05,-2.23
Kepler-161 c,11.37,2.05,-2.2
Kepler-235 d,11.37,2.05,-1.63
HD 136352 c,11.38,3.85,-2.17
HIP 57274 b,11.45,3.86,-2.07
HD 13808 c,11.45,3.86,-1.69
GJ 676A e,11.45,3.86,-1.35
Kepler-254 b,11.47,3.86,-2.36
HD 31527 b,11.54,3.87,-2.28
Kepler-368 c,11.57,3.88,-2.07
Kepler-183 b,11.62,2.06,-2.36
Kepler-377 c,11.62,2.06,-2.21
Kepler-266 c,11.68,3.89,-1.64
HD 10180 d,11.75,3.89,-2.29
GJ 674 b,11.76,3.9,-1.87
Kepler-30 b,11.98,3.92,-2.05
HD 20003 b,12.02,3.92,-2.28
HD 20781 b,12.05,3.93,-2
HD 69830 c,12.08,3.93,-1.98
Kepler-372 c,12.15,2.08,-2.33
Kepler-317 b,12.15,2.08,-2.31
Kepler-405 b,12.15,2.08,-2.27
Kepler-237 c,12.15,2.08,-2.13
Kepler-155 b,12.15,2.08,-2.08
Kepler-151 c,12.15,2.08,-2.03
HD 134606 c,12.15,3.94,-1.94
Kepler-247 d,12.19,3.94,-1.98
Kepler-178 d,12.19,3.94,-1.72
HD 41248 b,12.3,3.95,-2.12
Kepler-149 d,12.3,3.95,-1.13
Kepler-360 c,12.42,2.09,-2.38
Kepler-336 c,12.42,2.09,-2.35
HD 45184 b,12.72,4,-2.38
HD 96700 c,12.72,4,-1.81
Kepler-82 b,12.75,4,-2.09
Kepler-359 d,12.83,4.01,-1.92
HD 4308 b,12.88,4.01,-2.2
Kepler-308 b,12.97,2.12,-2.31
Kepler-53 d,12.97,2.12,-2.29
Kepler-161 b,12.97,2.12,-2.24
Kepler-158 b,12.97,2.12,-1.86
GJ 27.1 b,13,4.03,-1.68
Kepler-89 e,13.04,6.16,-2.19
Kepler-228 d,13.05,4.03,-2.32
Kepler-33 e,13.05,4.03,-2.27
Kepler-27 b,13.05,4.03,-2
KIC-11152511 b,13.05,4.03,-1.64
HD 10180 c,13.1,4.04,-2.39
HD 51608 b,13.13,4.04,-2.17
Kepler-200 b,13.26,2.13,-2.29
Kepler-214 c,13.26,2.13,-2.26
Kepler-302 b,13.26,4.05,-2.16
Kepler-258 b,13.26,4.05,-2.11
Kepler-267 c,13.26,2.13,-1.98
Kepler-283 b,13.26,2.13,-1.89
Kepler-52 b,13.26,2.13,-1.89
Kepler-54 b,13.26,2.13,-1.77
HD 125595 b,13.35,4.06,-2.04
Kepler-278 b,13.37,4.07,-2.22
Kepler-248 c,13.37,4.07,-2.07
HD 20003 c,13.42,4.07,-2.04
Kepler-247 c,13.6,4.09,-2.14
Kepler-256 c,13.85,2.15,-2.38
Kepler-254 c,13.85,2.15,-2.28
Kepler-401 c,13.85,2.15,-2.15
Kepler-364 c,13.85,2.15,-2.07
Kepler-296 c,13.85,2.15,-2.01
Kepler-120 b,13.85,2.15,-1.95
Kepler-252 c,13.85,2.15,-1.85
Kepler-61 b,13.85,2.15,-0.86
GJ 3470 b,13.9,4.19,-1.99
Kepler-276 d,13.99,2.8,-1.95
Kepler-291 b,14.15,2.16,-2.42
Kepler-308 c,14.15,2.16,-2.24
Kepler-142 d,14.15,2.16,-2.1
Kepler-32 b,14.16,4.14,-1.94
Kepler-315 c,14.16,4.14,-0.99
BD-082823 b,14.31,4.16,-2.16
Kepler-276 c,14.31,2.9,-2.08
Kepler-304 c,14.46,2.17,-2.15
Kepler-261 b,14.46,2.17,-2.14
Kepler-250 d,14.46,2.17,-2.05
Kepler-245 c,14.46,2.17,-2.04
Kepler-48 c,14.62,2.71,-2.19
Gliese 876 e,14.63,4.19,1.9
Kepler-85 b,14.78,1.99,-2.27
Kepler-174 d,14.78,2.18,0.33
Kepler-149 b,14.86,4.21,-2.01
Kepler-79 c,15.01,3.73,-2.25
Kepler-122 d,15.1,2.2,-2.27
Kepler-229 b,15.1,2.2,-2.2
Kepler-240 c,15.1,2.2,-2.14
Kepler-169 e,15.1,2.2,-2.06
Kepler-84 f,15.1,2.2,-2.05
KOI-82 b,15.1,2.2,-1.98
Kepler-84 b,15.26,2.2,-2.35
Kepler-350 d,15.26,2.8,-2.29
Kepler-31 b,15.34,4.26,-2.31
Kepler-31 c,15.34,4.26,-2.17
Kepler-230 b,15.34,4.26,-1.98
Kepler-110 c,15.43,2.21,-2.17
Kepler-20 c,15.71,3.06,-2.24
Kepler-19 b,15.76,2.22,-2.24
Kepler-235 e,15.76,2.22,-1.13
HD 20781 c,15.77,4.3,-1.49
HD 31527 c,15.83,4.3,-2.03
Kepler-359 c,15.83,4.3,-2.03
Gl 581 b,15.9,4.31,-1.66
HD 102365 b,15.9,4.31,-1.51
Kepler-217 b,16.11,2.23,-2.46
Kepler-292 d,16.11,2.23,-2.24
Kepler-235 b,16.11,2.23,-2.1
Kepler-165 c,16.11,2.23,-2.09
Kepler-18 d,16.31,6.96,-2.2
Kepler-60 b,16.46,2.24,-2.4
Kepler-157 c,16.46,2.24,-2.27
Kepler-69 b,16.46,2.24,-2.26
Kepler-57 b,16.46,2.24,-2.22
Kepler-284 b,16.46,2.24,-2.2
Kepler-196 c,16.46,2.24,-1.69
Kepler-55 c,16.46,2.24,-1.3
Kepler-155 c,16.46,2.24,-1.25
HD 31527 d,16.5,4.36,-1.12
Kepler-342 b,16.81,2.25,-2.36
Kepler-172 d,16.81,2.25,-2.22
Kepler-272 d,16.81,2.25,-2.21
Kepler-290 b,16.81,2.25,-2.06
Kepler-300 c,16.81,2.25,-2.02
Kepler-396 c,16.85,5.26,-1.96
HD 192310 b,16.85,4.39,-1.33
HD 109271 b,17.17,4.42,-2.37
HD 204313 c,17.17,4.42,-2.11
Kepler-209 b,17.18,2.26,-2.17
Kepler-163 c,17.18,2.26,-2.15
Kepler-154 b,17.18,2.26,-2.07
Kepler-18 c,17.21,5.48,-2.28
Kepler-226 c,17.55,2.27,-2.3
Kepler-183 c,17.55,2.27,-2.28
Kepler-166 b,17.55,2.27,-2.23
Kepler-250 c,17.55,2.27,-2.21
Kepler-121 c,17.55,2.27,-1.74
Kepler-296 d,17.55,2.27,-1.64
Kepler-306 e,17.55,2.27,-1.62
Kepler-267 d,17.55,2.27,-1.47
Kepler-238 f,17.8,2,-1.77
Kepler-33 f,17.89,4.48,-2.23
KIC-9704149 b,17.89,4.48,1.26
Kepler-379 c,17.93,2.28,-2.05
Kepler-319 d,17.93,2.28,-2.01
HD 51608 c,17.96,4.49,-1.58
HD 190360 c,18.12,4.5,-2.24
HD 90156 b,18.12,4.5,-2.14
61 Vir c,18.22,4.51,-1.97
Kepler-116 c,18.31,2.3,-2.37
Kepler-156 b,18.31,2.3,-2.24
Kepler-224 d,18.31,2.3,-2.08
HD 125612 c,18.44,4.53,-2.4
HD 69830 d,18.44,4.53,-0.91
HAT-P-26 b,18.61,6.32,-2.25
Kepler-244 d,18.71,2.31,-2.09
Kepler-85 c,18.76,2.21,-2.22
Kepler-31 d,18.84,4.56,-1.98
Kepler-10 c,19.1,2.32,-1.99
Kepler-321 c,19.11,2.32,-2.29
Kepler-165 b,19.11,2.32,-2.2
Kepler-47(AB) c,19.26,4.59,-0.37
Kepler-287 b,19.52,2.33,-2.21
Kepler-239 b,19.52,2.33,-2.07
Kepler-241 b,19.52,2.33,-1.99
Kepler-222 c,19.83,4.64,-2.21
Kepler-122 b,19.94,2.34,-2.41
Kepler-275 b,19.94,2.34,-2.39
Kepler-213 c,19.94,2.34,-2.37
Kepler-171 b,19.94,2.34,-2.34
Kepler-338 c,19.94,2.34,-2.31
Kepler-121 b,19.94,2.34,-2.3
Kepler-246 b,19.94,2.34,-2.27
Kepler-83 b,19.94,2.34,-1.84
Kepler-405 c,20.11,4.66,-2.07
Kepler-216 b,20.36,2.35,-2.4
Kepler-172 b,20.36,2.35,-2.37
Kepler-24 b,20.36,2.35,-2.33
Kepler-256 e,20.36,2.35,-2.3
Kepler-306 c,20.36,2.35,-2.16
Kepler-80 b,20.36,2.35,-2.07
Kepler-292 f,20.36,2.35,-2.05
Kepler-22 b,20.36,2.35,-0.63
HD 21693 c,20.58,4.69,-1.83
Kepler-318 b,20.7,4.7,-2.38
Kepler-129 b,20.8,2.36,-2.32
Kepler-184 b,20.8,2.36,-2.27
Kepler-112 b,20.8,2.36,-2.26
Kepler-336 d,20.8,2.36,-2.26
Kepler-125 b,20.8,2.36,-1.97
HD 219828 b,20.98,4.73,-2.43
Kepler-159 b,21.25,2.37,-2.01
Kepler-189 c,21.25,2.37,-2
Kepler-166 c,21.25,2.37,-1.87
HD 10180 g,21.41,4.76,-0.25
Kepler-193 b,21.7,2.39,-2.38
Kepler-238 c,21.7,2.39,-2.3
Kepler-215 d,21.7,2.39,-2.12
Kepler-152 c,21.7,2.39,-1.24
HD 16417 b,21.94,4.8,-2.33
Kepler-328 b,21.94,2.31,-1.95
Kepler-79 d,22.01,7.17,-2.1
Kepler-223 e,22.16,2.4,-2.22
Kepler-112 c,22.16,2.4,-2.02
Kepler-194 d,22.16,2.4,-2.02
Kepler-56 b,22.26,6.5,-2.31
Kepler-84 c,22.35,2.4,-2.31
Kepler-343 b,22.64,2.41,-2.36
Kepler-143 b,22.64,2.41,-2.3
Kepler-26 e,22.64,2.41,-1.29
HD 47186 b,22.79,4.86,-2.37
61 Vir d,22.89,4.87,-1.43
Kepler-210 c,23.14,4.88,-2.16
GJ 436 b,23.43,4.09,-2.01
Kepler-173 c,23.62,2.43,-2.36
Kepler-147 c,23.62,2.43,-2.23
Kepler-233 b,23.62,2.43,-2.21
Kepler-289 b,23.62,2.43,-2.15
Kepler-229 c,23.62,4.92,-2.03
Kepler-27 c,23.78,4.93,-1.74
HD 192310 c,23.85,4.93,1.46
HD 10180 f,23.91,4.94,-1.71
Kepler-257 d,24.11,4.95,-2.06
Kepler-338 b,24.12,2.44,-2.37
HD 109271 c,24.16,4.95,-2.21
Kepler-53 c,24.16,3.14,-2
Kepler-81 c,24.53,2.45,-1.87
Kepler-201 b,24.64,2.45,-2.25
Kepler-243 b,24.64,2.45,-2.25
Kepler-164 d,24.64,2.45,-2.18
Kepler-397 b,24.64,2.45,-2.01
HD 10180 e,25.11,5.02,-2.06
HD 11964 c,25.12,5.02,-2.19
Kepler-203 c,25.16,2.46,-2.38
Kepler-60 c,25.16,2.46,-2.38
Kepler-269 b,25.16,2.46,-2.36
Kepler-82 e,25.16,2.46,-2.33
Kepler-306 d,25.16,2.46,-1.98
Kepler-198 c,25.16,2.46,-1.88
Kepler-263 c,25.16,2.46,-1.74
Kepler-310 d,25.16,2.46,-1.61
Kepler-55 b,25.16,2.46,-1.54
HD 179079 b,25.44,5.04,-2.32
Kepler-266 b,25.7,2.48,-2.36
Kepler-256 d,25.7,2.48,-2.35
Kepler-4 b,26.21,4,-2.43
HAT-P-11 b,26.21,4.73,-2.18
Kepler-342 d,26.25,2.49,-2.23
Kepler-184 d,26.25,2.49,-2.07
Kepler-265 d,26.25,2.49,-2.07
Kepler-254 d,26.81,2.5,-2.21
Kepler-126 d,26.81,2.5,-1.94
Kepler-298 d,26.81,2.5,-0.85
Kepler-65 c,27.01,2.58,-2.44
Kepler-58 b,27.34,2.8,-2.31
Kepler-25 c,27.86,5.2,-2.38
HD 3651 c,28.61,5.24,-1.96
BD-061339 d,29.01,5.27,-0.39
Kepler-82 c,29.61,5.3,-1.88
Kepler-281 c,29.72,5.31,-1.99
Kepler-128 b,29.92,1.13,-2.35
HD 38858 b,30.55,5.36,-0.24
Kepler-33 d,30.87,5.38,-2.32
Kepler-9 c,31.01,10.69,-2.06
HD 103197 b,31.16,5.39,-1.7
Kepler-257 c,31.45,5.41,-2.26
Kepler-328 c,31.79,5.41,-1.67
GJ 229 b,32.01,5.44,2.15
HD 215456 b,32.11,5.45,-1.72
Kepler-128 c,33.07,1.13,-2.3
Kepler-145 b,34.34,2.65,-2.37
HD 99492 b,34.66,5.59,-2.03
HD 49674 b,36.56,5.69,-2.31
KIC-5094412 b,37.07,5.71,-0.28
HD 157172 b,38.15,5.77,-1.51
HD 134606 d,38.47,5.78,-0.42
Kepler-114 c,40.01,1.6,-2.02
Kepler-101 b,40.25,5.87,-2.39
Kepler-122 c,40.25,5.87,-2.34
Kepler-35(AB) b,40.31,8.15,-1.22
Kepler-58 c,41.33,2.91,-2.26
Kepler-279 d,41.33,3.1,-2.16
HD 85390 b,41.97,5.95,1.61
Kepler-9 b,45.12,11.09,-2.21
Kepler-63 b,45.39,6.1,-2.27
55 Cnc f,45.78,6.12,-0.53
Kepler-397 c,46.95,6.17,-1.05
HD 177830 c,47.69,6.2,-1.98
HD 134060 c,47.91,6.21,0.42
Kepler-89 d,52.14,11.2,-2.33
HD 150433 b,53.41,6.43,1.4
55 Cnc c,53.73,6.45,-1.83
BD-061339 c,54.05,6.46,-1.52
HD 65216 c,54.05,6.46,-1.17
Kepler-279 c,54.37,4.31,-2.26
HD 102117 b,54.69,6.48,-2.22
Kepler-297 c,55.96,6.53,-1.71
HD 117618 b,56.59,6.55,-2.21
HD 104067 b,59.14,6.65,-1.5
HD 45364 b,59.52,6.66,-0.81
Kepler-79 b,60.02,3.3,-2.36
Kepler-92 b,60.09,3.52,-2.3
Kepler-282 e,61.04,3.1,-2.01
HAT-P-18 b,62.62,11.09,-2.18
HD 76700 b,62.63,6.77,-2.4
HD 3651 b,63.59,6.8,-1.8
HD 117618 c,63.59,6.8,-0.98
HD 10180 h,64.42,6.83,2.91
Kepler-282 d,64.86,2.46,-2.16
Kepler-277 c,66.77,3.36,-2.31
HD 107148 b,66.77,6.9,-2.04
HD 218566 b,66.77,6.9,-0.4
HAT-P-12 b,66.92,10.69,-2.2
Kepler-413(AB) b,67.02,4.34,-1.16
KIC-5010054 b,68.05,6.94,-0.67
HD 16141 b,68.36,6.95,-1.73
CoRoT-8 b,68.62,6.37,-2.2
Kepler-34(AB)  b,69.92,8.55,-0.62
HD 88133 b,69.95,7,-2.39
Kepler-396 b,69.95,3.47,-1.67
HD 137388 b,70.9,7.03,-0.06
HD 126525 b,71.22,7.04,1.28
HD 168746 b,73.13,7.1,-2.34
MOA-2008-BLG-310-L b,73.13,7.1,2.96
Kepler-145 c,74.4,4.42,-2.29
HATS-5 b,75.35,10.21,-2.29
WASP-29 b,77.23,9.42,-2.23
HD 215456 c,78.21,7.25,1.53
HD 46375 b,79.17,7.27,-2.32
KIC-10255705 b,79.37,7.28,-0.6
Kepler-111 c,79.78,7.29,-1.25
HD 108147 b,82.98,7.38,-2.37
HAT-P-38 b,84.89,9.24,-2.3
CoRoT-25 b,85.84,12.1,-2.42
HD 113538 b,85.84,7.45,0.2
Kepler-277 b,89.02,2.92,-2.39
HD 109749 b,89.02,7.53,-2.37
WASP-39 b,89.02,14.22,-2.32
Kepler-25 d,89.93,7.56,-1.84
HD 7199 b,92.2,7.61,0.6
HD 82943 d,92.2,7.61,1.2
HAT-P-19 b,92.84,12.68,-2.25
Kepler-118 c,94.65,7.67,-2.13
HIP 57050 b,94.75,7.67,-0.28
WASP-21 b,95.38,13.55,-2.38
HD 101930 b,95.38,7.69,-1.61
WASP-20 b,99.52,16.34,-2.42
Kepler-117 b,100.48,7.81,-2.34
HD 33283 b,104.92,7.9,-2.26
BD-082823 c,104.92,7.9,-0.01
HD 215497 c,104.92,7.9,0.69
Kepler-16(AB) b,105.87,8.44,0.74
YBP1194 b,108.1,7.97,-2.34
HD 38283 b,108.1,7.97,-1.23
HD 52265 c,111.28,8.04,-2.06
HIP 12961 b,111.28,8.04,-1.61
HD 47186 c,111.47,8.04,2.25
KIC-6185331 b,112.61,8.06,-2.03
HD 149026 b,113.19,8.04,-2.47
HD 164922 b,114.46,8.1,2.63
Kepler-90 g,115.43,8.12,-1.37
HD 103774 b,116.68,8.14,-2.48
HD 93083 b,117.64,8.16,-1.04
HD 181720 b,117.64,8.16,-0.02
Kepler-108 c,118.32,8.18,-1.85
Kepler-46 c,119.55,8.2,-1.72
WASP-49 b,120.18,12.49,-2.38
WASP-63 b,120.82,16.02,-2.39
HD 63454 b,120.82,8.22,-2.24
Kepler-38(AB) b,120.82,4.37,-1.92
HD 126614 b,120.82,8.22,1.79
HD 6434 b,124,8.28,-2.01
KIC-6372194 b,124.32,8.29,-0.35
HAT-P-44 b,124.63,14.34,-2.31
HD 83443 b,127.18,8.34,-2.36
YBP1514 b,127.18,8.34,-2.35
HIP 57274 c,130.36,8.4,-1.65
HD 208487 b,131.31,8.41,-1.66
HD 75289 b,133.53,8.45,-2.45
WASP-67 b,133.53,15.68,-2.28
KELT-6 b,136.71,13.33,-2.42
Kepler-77 b,136.71,10.75,-2.35
Kepler-12 b,137.03,18.98,-2.43
Kepler-7 b,137.67,18.08,-2.44
HD 212301 b,143.07,8.61,-2.45
HD 102195 b,143.07,8.61,-2.29
Kepler-108 b,145.71,8.65,-2.23
WASP-52 b,146.25,14.22,-2.3
WASP-11-HAT-P-10 b,146.25,11.7,-2.25
CoRoT-5 b,148.48,14.9,-2.44
51 Peg b,148.8,8.69,-2.4
HD 45652 b,149.43,8.7,-1.91
WASP-31 b,151.98,17.21,-2.46
BD-10 3166 b,152.61,8.75,-2.38
WASP-96 b,152.61,13.44,-2.36
HD 2638 b,152.61,8.75,-2.28
HD 164509 b,152.61,8.75,-0.95
HD 114613 b,152.61,8.75,2.34
WASP-13 b,154.2,15.29,-2.39
WASP-17 b,154.52,22.3,-2.51
Kepler-41  b,155.79,9.42,-2.41
HAT-P-46 b,156.74,14.38,-2.44
WASP-101 b,158.97,15.79,-2.48
WASP-60 b,158.97,10.08,-2.4
HD 77338 b,158.97,8.84,-2.28
WASP-42 b,158.97,12.1,-2.13
HD 31253 b,158.97,8.84,-1.14
Kepler-30 d,159.45,8.85,-1.34
HD 99109 b,159.61,8.85,-0.18
WASP-6 b,159.92,13.71,-2.34
Kepler-45 b,160.56,10.75,-2.12
CoRoT-26 b,165.33,14.11,-2.4
HD 187123 b,165.33,8.93,-2.4
mu Ara d,165.93,8.94,-0.99
HAT-P-1 b,166.92,14.77,-2.41
HIP 57274 d,167.55,8.96,1.53
Kepler-64(AB) b,168.51,6.19,-2.24
HAT-P-17 b,169.78,11.31,-2.19
CoRoT-16 b,170.1,13.1,-2.36
Pr0201 c,171.69,9.01,-2.43
OGLE-TR-111 b,171.69,12.06,-2.26
WASP-15 b,172.32,15.99,-2.48
WASP-80 b,176.14,10.66,-2.12
HD 207832 b,178.05,9.09,-1.2
Kepler-46 b,178.24,9.09,-1.92
HAT-P-25 b,180.27,13.33,-2.34
Kepler-56 c,180.91,9.86,-2.27
WASP-88 b,181.23,19.26,-2.5
WASP-62 b,181.23,15.57,-2.45
WASP-55 b,181.23,14.56,-2.4
HIP 14810 d,181.23,9.13,1.51
WASP-25 b,184.41,14.11,-2.38
HD 44219 b,184.41,9.17,-0.88
WASP-22 b,186.95,12.97,-2.42
WASP-34 b,187.58,13.66,-2.36
HAT-P-3 b,187.9,9.26,-2.3
HAT-P-39 b,190.45,17.6,-2.5
HD 43197 b,190.76,9.24,-1
Kepler-8 b,191.72,15.89,-2.47
HD 175541 b,193.94,9.28,-1.78
HAT-P-40 b,195.53,19.38,-2.46
ups And b,197.12,9.31,-2.46
HD 330075 b,197.12,9.31,-2.41
KOI-680 b,197.12,7.28,-2.38
XO-2 b,197.12,10.9,-2.34
HD 27894 b,197.12,9.31,-1.99
HD 9578 b,197.12,9.31,-0.4
HD 11964 b,197.76,9.32,0.83
HAT-P-28 b,199.03,13.57,-2.39
Kepler-238 e,199.03,5.61,-2.05
WASP-90 b,200.3,18.26,-2.5
HD 63765 b,203.48,9.38,-0.02
HD 216770 b,206.66,9.41,-1.42
HD 37124 c,207.3,9.42,1.79
HD 45364 c,209.17,9.44,-0.28
HAT-P-43 b,209.84,14.37,-2.38
Kepler-15 b,209.84,10.75,-2.34
HAT-P-27-WASP-40 b,209.84,11.82,-2.32
Kepler-6 b,212.7,14.82,-2.4
HAT-P-9 b,213.02,15.68,-2.47
HD 170469 b,213.02,9.48,1.1
HD 37124 b,214.61,9.49,-1.13
HAT-P-4 b,216.2,14.22,-2.44
OGLE-TR-10 b,216.2,19.26,-2.44
Kepler-74 b,216.2,14.78,-2.33
HD 96167 b,216.2,9.51,-1.32
HD 8535 b,216.2,9.51,1.21
HAT-P-24 b,217.79,13.91,-2.48
WASP-84 b,220.65,10.55,-2.2
HD 9446 b,222.56,9.57,-2.11
WASP-59 b,222.56,10.08,-2.05
HD 224693 b,225.74,9.6,-2.25
HAT-P-30-WASP-51 b,226.06,15.01,-2.47
HD 209458 b,227.01,15.46,-2.43
Gliese 876 c,227.07,9.61,-0.64
WASP-35 b,228.92,14.78,-2.4
CoRoT-4 b,228.92,13.33,-2.38
HD 159868 c,232.1,9.66,-1.37
HD 207832 c,232.1,9.66,2.22
HD 192263 b,233.05,9.67,-1.89
HD 156411 b,235.28,9.69,-0.84
OGLE-TR-211 b,238.46,14.11,-2.48
HD 187085 b,238.46,9.71,0.09
Kepler-88 c,241.63,9.74,-2.12
TrES-1b,241.95,12.31,-2.3
HAT-P-33 b,242.59,20.46,-2.5
HD 163607 b,244.81,9.77,-2.07
HD 109246 b,244.81,9.77,-1.86
HAT-P-29 b,247.36,12.4,-2.41
HD 38529 b,247.99,9.79,-2.36
HD 34445 b,251.17,9.82,0.38
HD 197037 b,251.17,9.82,0.75
55 Cnc b,254.35,9.84,-2.14
HD 4208 b,254.35,9.84,1.68
HAT-P-41 b,258.17,17.12,-2.5
HD 11506 c,260.71,9.89,-1.69
HD 155358 c,260.71,9.89,-1.06
WASP-98 b,263.89,12.32,-2.34
CoRoT-9 b,267.07,10.53,-1.58
HD 114729 b,267.07,9.94,0.34
WASP-2 b,269.3,12.08,-2.32
HAT-P-13 b,270.25,14.34,-2.41
HD 155358 b,270.25,9.96,-1.59
HD 148156 b,270.25,9.96,0.75
WASP-16 b,271.84,11.29,-2.36
WASP-1 b,273.43,16.62,-2.48
24 Sex c,273.43,9.99,-1.43
HD 13908 b,275.02,10,-2.37
Kepler-91 b,279.79,15.5,-2.3
WASP-23 b,281.06,10.77,-2.29
WASP-44 b,282.65,12.77,-2.35
WASP-58 b,282.97,15.34,-2.39
HAT-P-45 b,283.6,15.97,-2.48
WASP-79 b,286.15,19.04,-2.51
XO-1 b,286.15,13.26,-2.4
HD 96063 b,286.15,10.07,-1.91
HD 200964 c,286.15,10.07,-1.38
HD 92788 c,286.15,10.07,-1.2
WASP-28 b,288.37,13.59,-2.45
BD +48 738 b,289.33,10.09,-2.06
TrES-4b,291.55,19.11,-2.47
CoRoT-12 b,291.55,16.13,-2.39
HD 285507 b,291.55,10.11,-2.02
WASP-76 b,292.5,20.5,-2.5
WASP-41 b,292.5,13.55,-2.36
HD 10647 b,295.68,10.14,0.91
Kepler-86 b,295.83,10.14,-0.85
Kepler-412 b,298.55,14.84,-2.43
HD 185269 b,298.86,10.16,-2.43
HAT-P-32 b,299.18,22.81,-2.46
Kepler-68 d,301.09,10.17,-0.29
HD 179949 b,302.04,10.17,-2.46
HD 25171 b,302.04,10.17,2.1
WASP-7 b,305.22,14.9,-2.47
HD 102956 b,305.22,10.19,-2.35
HD 148427 b,305.22,10.19,-1.72
WASP-85 b,307.96,13.44,-2.42
HAT-P-42 b,309.99,14.3,-2.4
WASP-48 b,311.58,18.7,-2.46
PSR 1719-14 b,317.94,4.48,-2.45
HD 219415 b,317.94,10.27,0.41
HD 114783 b,317.94,10.27,1.17
WASP-45 b,320.17,12.99,-2.3
HD 108874 c,323.66,10.3,2.21
Kepler-44 b,324.3,13.89,-2.33
HD 130322 b,324.3,10.3,-2.19
Kepler-87 b,324.3,13.55,-1.93
WASP-26 b,326.84,14.35,-2.44
CoRoT-1 b,327.48,16.69,-2.5
WASP-24 b,328.11,12.36,-2.45
HD 52265 b,333.84,10.36,-1.82
HAT-P-35 b,335.11,14.92,-2.45
HAT-P-6 b,336.06,14.9,-2.5
HAT-P-5 b,337.02,14.02,-2.43
OGLE-TR-182 b,337.02,16.46,-2.41
HIP 91258 b,339.56,10.39,-2.31
WASP-75 b,340.2,14.22,-2.45
HD 20367 b,340.2,10.39,-0.61
HATS-3 b,340.51,15.47,-2.48
XO-5 b,342.42,11.54,-2.35
HD 231701 b,343.38,10.41,-1.82
Qatar-1 b,346.55,13.04,-2.3
CoRoT-19 b,352.91,14.45,-2.46
BD+15 2940 b,352.91,10.45,-2.27
HD 7449 b,352.91,10.45,0.71
WASP-19 b,354.19,15.62,-2.41
WTS-2 b,356.09,14.56,-2.33
WASP-4 b,356.57,15.62,-2.4
WASP-95 b,359.27,13.55,-2.4
HD 159243 b,359.27,10.48,-2.33
HD 189733 b,361.82,12.75,-2.29
WASP-47 b,362.45,12.88,-2.34
HD 73534 b,365.63,10.51,0.5
WASP-78 b,368.81,19.6,-2.48
HD 48265 b,368.81,10.53,-0.98
HD 100777 b,368.81,10.53,-0.7
HD 28254 b,368.81,10.53,-0.22
HAT-P-37 b,371.67,13.19,-2.35
OGLE-TR-132 b,371.99,13.78,-2.48
HD 95089 b,381.53,10.58,-1.65
HD 147513 b,384.71,10.6,0.13
HD 121504 b,387.89,10.61,-1.99
HD 210277 b,391.07,10.62,-0.49
WASP-82 b,394.25,18.7,-2.52
OGLE-TR-113 b,394.25,12.43,-2.28
HD 114386 b,394.25,10.64,0.97
HD 142 b,397.43,10.65,-0.4
TrES-2b,398.38,13.09,-2.42
HD 188015 b,400.6,10.66,-0.2
HD 216435 b,400.6,10.66,0.05
HD 65216 b,400.6,10.66,0.51
HIP 14810 c,406.96,10.69,-1.3
HD 30562 b,410.14,10.7,-0.3
OGLE-TR-56 b,413.32,13.44,-2.43
HD 33142 b,413.32,10.71,-1.81
HD 82886 b,413.32,10.71,-1.62
CoRoT-13 b,415.87,9.91,-2.4
WASP-97 b,419.68,12.66,-2.4
HATS-4 b,420.63,11.42,-2.35
HD 217107 b,422.86,10.74,-2.33
HAT-P-8 b,426.04,16.8,-2.47
HD 79498 b,426.04,10.76,2.39
HATS-2 b,427.63,13.08,-2.36
HD 27442 b,429.22,10.77,-1.91
HD 149143 b,432.4,10.78,-2.41
HD 108874 b,432.4,10.78,-0.58
HD 205739 b,435.58,10.79,-1.33
HD 5608 b,445.12,10.82,-1.51
HD 99706 b,445.12,10.82,-1.45
WASP-12 b,446.39,19.44,-2.51
KELT-3 b,450.84,14.93,-2.49
WASP-50 b,456.88,12.75,-2.36
HIP 5158 b,457.83,10.86,1.2
HD 220773 b,461.01,10.87,2.99
BD14 4559 b,467.37,10.89,0.26
KELT-2A b,472.46,14.63,-2.47
WASP-103 b,473.73,17.11,-2.49
HD 177830 b,473.73,10.91,-1.39
HD 132563B b,473.73,10.91,2.62
HD 86081 b,476.91,10.92,-2.45
omi CrB b,476.91,10.92,-2.15
HD 152581 b,476.91,10.92,-1.71
HD 23127 b,476.91,10.92,0.36
HD 86226 b,476.91,10.92,1.7
SAND364 b,489.63,10.95,-2.24
WASP-72 b,491.57,14.22,-2.5
WASP-65 b,492.81,12.45,-2.4
HD 4113 b,495.99,10.97,-0.97
HD 12661 c,499.17,10.98,2.06
HD 134987 b,505.52,10.99,-1.2
HD 2952 b,508.7,11,-2.12
HD 167042 b,508.7,11,-1.67
HD 180902 b,508.7,11,-1.59
kappa CrB b,508.7,11,-1.14
HAT-P-44 c,508.7,11,-0.84
HD 129445 b,508.7,11,1.99
HD 142415 b,515.06,11.02,-0.64
WASP-5 b,520.47,13.12,-2.42
mu Ara b,532.87,11.06,-0.06
HD 19994 b,534.14,11.06,-1.15
16 Cyg B b,534.14,11.06,0.41
WASP-37 b,539.23,12.72,-2.39
HD 100655 b,540.5,11.08,-2.17
ome Ser b,540.5,11.08,-2.13
HD 28678 b,540.5,11.08,-1.93
HD 50499 b,543.68,11.09,2.79
XO-4 b,546.86,15.01,-2.4
HAT-P-49 b,550.04,15.83,-2.55
HAT-P-7 b,553.53,16.03,-2.5
WASP-77A b,559.57,13.55,-2.39
TrES-5b,565.3,13.54,-2.34
HD 45350 b,569.11,11.14,-0.1
alf Ari b,572.29,11.15,-2.1
HD 98219 b,572.29,11.15,-1.74
HD 158038 b,572.29,11.15,-1.61
ups And c,572.29,11.15,-1.6
HD 30856 b,572.29,11.15,-1.26
HD 9446 c,578.65,11.16,-1.2
HD 4203 b,578.65,11.16,-0.85
HD 216437 b,578.65,11.16,1.74
HAT-P-36 b,582.47,14.16,-2.41
Pr0211 b,586.28,11.17,-2.34
HD 200964 b,588.19,11.18,-1.55
gamma Cephei b,588.19,11.18,-1.3
HATS-1 b,589.78,14.58,-2.41
HD 73256 b,594.55,11.19,-2.37
WASP-73 b,597.73,12.99,-2.46
HD 74156 b,597.73,11.19,-2.2
HD 68988 b,604.09,11.21,-2.35
HD 210702 b,604.09,11.21,-1.83
HD 20782 b,604.09,11.21,-1.29
HD 159243 c,604.09,11.21,-1.16
HD 142245 b,604.09,11.21,-1.09
HD 190647 b,604.09,11.21,0.36
TrES-3b,607.27,14.62,-2.42
HD 5319 b,616.8,11.23,-1.13
HAT-P-15 b,618.71,12.01,-2.27
Kepler-76 b,623.16,14,-2.49
HD 171028 b,629.52,11.25,-1.23
24 Sex b,632.7,11.25,-1.77
HD 20868 b,632.7,11.25,0.11
HAT-P-46 c,635.88,11.26,-2.01
HD 136418 b,635.88,11.26,-1.5
WASP-100 b,645.42,18.93,-2.56
WASP-43 b,646.69,11.6,-2.27
WASP-3 b,654.96,16.28,-2.51
WASP-61 b,654.96,13.89,-2.46
Kepler-117 c,656.11,11.29,-2.17
Kepler-48 e,657.23,11.29,2.34
HAT-P-23 b,664.49,15.32,-2.46
HD 116029 b,667.67,11.31,-1.48
HD 159868 b,667.67,11.31,-0.02
HIP 79431 b,667.67,11.31,2.07
WASP-46 b,667.99,14.67,-2.4
HD 8574 b,670.85,11.31,-1.5
Kepler-90 h,671.8,11.31,-0.89
Kepler-5 b,672.13,16.03,-2.49
HD 147018 b,674.03,11.32,-1.95
HD 118203 b,677.21,11.32,-2.4
HAT-P-22 b,682.62,12.1,-2.33
HAT-P-31 b,690.25,11.98,-2.44
HD 128311 b,693.11,11.34,1.2
HAT-P-14 b,699.47,13.44,-2.5
Kepler-40 b,699.47,13.1,-2.49
HD 206610 b,699.47,11.35,-1.7
HD 131496 b,699.47,11.35,-1.28
HD 154857 b,712.19,11.36,-0.97
WASP-8 b,713.46,11.63,-2.29
WASP-71 b,717.91,16.8,-2.47
CoRoT-21 b,718.54,14.56,-2.49
HR 810 b,718.54,11.37,-1.57
Gliese 876 b,723.5,11.38,0.35
WASP-36 b,724.59,14.21,-2.44
HD 163607 c,728.08,11.38,0.63
HD 212771 b,731.26,11.39,-1.84
HD 4313 b,731.26,11.39,-1.82
HD 12661 b,731.26,11.39,-1.06
POTS-1 b,734.44,10.54,-2.19
WASP-66 b,737.62,15.57,-2.52
CoRoT-11 b,740.8,16.02,-2.5
HR 228 b,753.52,11.41,-1.66
HR 228 c,753.52,11.41,0.46
6 Lyn b,763.06,11.42,-1.37
CoRoT-17 b,772.59,11.42,-2.42
HD 202206 c,775.77,11.43,2.39
Kepler-17 b,778.95,14.69,-2.43
Qatar-2 b,790.72,12.81,-2.27
HD 43691 b,791.67,11.45,-2.3
HD 192699 b,794.85,11.45,-1.8
HD 73526 c,794.85,11.45,-1.01
HD 23079 b,794.85,11.45,0.09
HD 75898 b,798.03,11.45,-1.12
47 Uma b,804.39,11.46,0.76
HD 41004 A b,807.57,11.46,1.2
HD 102272 c,826.64,11.48,-2.05
HD 108863 b,826.64,11.48,-1.78
7 CMa b,826.64,11.48,-0.27
HD 171238 b,826.64,11.48,2.53
HD 81688 b,858.44,11.5,-2.2
HD 173416 b,858.44,11.5,-2.13
HD 18742 b,858.44,11.5,-1.48
HD 164604 b,858.44,11.5,2.28
WASP-38 b,862.25,12.08,-2.42
HD 153950 b,867.98,11.51,-0.8
CoRoT-10 b,874.34,10.86,-2.11
WASP-99 b,883.87,12.32,-2.45
CoRoT-23 b,890.23,12.1,-2.43
ksi Aql b,890.23,11.52,-2.22
HD 37605 b,894.37,11.53,-1.86
HD 66428 b,896.59,11.53,2.64
HD 113337 b,899.77,11.53,-0.19
HD 196050 b,899.77,11.53,1.16
HD 169830 b,915.67,11.54,-1.77
KOI-206 b,922.03,7.84,-2.38
HD 145457 b,922.03,11.54,-2.16
HD 62509 b,922.03,11.54,-1.87
HD 73526 b,922.03,11.54,-1.55
CoRoT-6 b,941.1,13.06,-2.36
HD 196885 A b,947.46,11.56,-0.17
75 Cet b,953.82,11.56,-1.87
HD 125612 b,953.82,11.56,-0.13
HD 152079 b,953.82,11.56,2.46
HD 32518 b,966.54,11.57,-2.18
WASP-10 b,972.9,12.1,-2.23
HD 73267 b,972.9,11.57,2.15
HD 221287 b,982.43,11.58,-0.52
HD 1502 b,985.61,11.58,-1.71
HD 143361 b,991.97,11.58,2.49
HD 60532 b,1001.51,11.58,-1.99
HD 17156 b,1014.55,12.26,-2.34
HD 89744 c,1017.41,11.59,-2.16
91 Aqr b,1017.41,11.59,-2.13
V391 Peg b,1017.41,11.59,-1.97
Kepler-43 b,1026.95,13.44,-2.44
HD 40979 b,1042.84,11.6,-1.32
HD 181342 b,1049.2,11.6,-1.47
Kepler-56 d,1049.2,11.6,-1.23
CoRoT-2 b,1052.38,16.41,-2.39
HAT-P-34 b,1058.1,12.4,-2.48
GJ 3021 b,1071.46,11.61,-1.4
HD 11506 b,1093.71,11.62,0.71
CoRoT-18 b,1103.25,14.67,-2.38
HD 204313 b,1128.69,11.63,2.81
WASP-32 b,1144.58,13.22,-2.45
HD 183263 b,1166.84,11.64,-0.17
HD 195019 b,1176.38,11.64,-2.28
HD 122430 b,1179.56,11.64,-2.19
SWEEPS-04b,1208.17,9.07,-2.4
HD 92788 b,1227.25,11.65,-0.48
HIP 14810 b,1233.61,11.65,-2.3
42 Dra b,1233.61,11.65,-2.14
HD 80606 b,1252.68,10.32,-1.91
HD 96127 b,1271.76,11.66,-2.17
WTS-1 b,1274.94,16.69,-2.46
Gl 86 b,1274.94,11.66,-2.15
HD 169830 c,1284.48,11.66,0.83
HAT-P-21 b,1291.79,11.47,-2.36
omi UMa b,1303.55,11.66,-1.79
HAT-P-16 b,1333.12,14.44,-2.46
BD+20 274 c,1335.35,11.67,-2.08
CoRoT-20 b,1348.07,9.41,-2.32
OGLE2-TR-L9 b,1379.86,18.08,-2.57
HD 16175 b,1398.94,11.67,-0.61
HD 120084 b,1430.73,11.68,-1.37
HD 213240 b,1430.73,11.68,-0.09
WASP-33 b,1459.34,16.11,-2.6
HD 17092 b,1462.52,11.68,-1.93
HD 82943 c,1519.75,11.68,-1.27
HD 82943 b,1526.11,11.68,-0.46
MOA-2011-BLG-293L b,1526.11,11.68,0.43
HD 2039 b,1557.91,11.68,0.47
HD 47536 b,1589.7,11.68,-2.12
HD 154672 b,1596.06,11.68,-1.63
BD-17 63 b,1621.49,11.68,2.28
HD 13908 c,1631.03,11.68,-0.44
HD 50554 b,1640.57,11.68,1.38
HD 59686 b,1669.19,11.68,-2.18
HD 240237 b,1685.08,11.68,-2.15
81 Cet b,1685.08,11.68,-2.01
14 And b,1694.62,11.68,-2.17
HD 132406 b,1783.64,11.68,0.34
HD 28185 b,1812.26,11.68,-0.33
HD 145377 b,1831.33,11.68,-1.79
tau Boo b,1875.85,11.68,-2.48
HD 102272 b,1875.85,11.68,-2.23
HD 102329 b,1875.85,11.68,-1.57
HD 66141 b,1907.64,11.68,-2.14
HD 1690 b,1939.43,11.68,-2.12
HD 70573 b,1939.43,11.68,1.78
HD 178911 B b,2000.48,11.68,-1.9
HD 104985 b,2003.02,11.68,-2.18
HD 10697 b,2028.46,11.68,0.08
Kepler-13 b,2066.61,15.75,-2.61
HD 11977 b,2079.33,11.68,-2.04
HD 147018 c,2085.69,11.68,1.69
HD 233604 b,2090.46,11.68,-2.19
70 Vir b,2098.4,11.68,-1.94
eps CrB b,2130.2,11.68,-2.14
HD 111232 b,2161.99,11.68,2.12
HD 81040 b,2181.07,11.67,1.7
HD 240210 b,2193.79,11.67,-1.6
HD 196067 b,2193.79,11.67,0.88
HD 47536 c,2225.58,11.67,-1.88
HD 86264 b,2225.58,11.67,-0.22
4 Uma b,2257.37,11.67,-2.19
HD 89744 b,2289.17,11.67,-1.9
HAT-P-20 b,2303.79,9.71,-2.2
WASP-14 b,2334,14.35,-2.51
HD 60532 c,2371.83,11.66,-1.43
HD 106252 b,2403.63,11.66,2.13
CoRoT-14 b,2416.34,12.21,-2.47
HD 5891 b,2416.34,11.66,-2.16
eps Tau b,2416.34,11.66,-2.03
HD 168443 b,2435.1,11.66,-2.09
HD 30177 b,2448.14,11.66,2.62
HD 222582 b,2464.04,11.66,-0.49
HD 175167 b,2479.93,11.65,2.35
HD 74156 c,2553.06,11.65,1.23
HD 23596 b,2575.31,11.65,0.1
Kepler-14 b,2670.7,12.72,-2.48
HAT-P-2 b,2778.8,10.65,-2.47
gamma 1 Leo b,2791.51,11.62,-2.2
HIP 75458 b,2804.23,11.62,-2.09
HD 33564 b,2893.25,11.61,-0.81
HIP 63242 b,2918.69,11.61,-2.29
SWEEPS-11b,3084.02,12.66,-2.42
HD 141937 b,3084.02,11.58,0.11
HD 156279 b,3087.2,11.58,-1.55
HD 139357 b,3103.09,11.58,-1.82
30 Ari B b,3141.25,11.58,-1.07
Kepler-75 b,3147.61,11.54,-2.24
HD 208527 b,3147.61,11.57,-2.14
ups And d,3239.81,11.56,0.22
18 Del b,3274.78,11.55,-1.65
HD 39091 b,3274.78,11.55,0.18
CoRoT-27 b,3303.4,11.28,-2.41
WASP-18 b,3316.11,13.05,-2.52
11 UMi b,3338.37,11.54,-2.12
NGC 2423 3 b,3370.16,11.54,-1.75
HD 38801 b,3401.96,11.53,-0.9
HD 114762 b,3490.98,11.52,-1.97
HD 106270 b,3497.34,11.52,0.89
HD 110014 b,3525.95,11.51,-2.05
HD 220074 b,3529.13,11.51,-2.16
XO-3 b,3748.51,13.63,-2.49
BD20 2457 c,3964.71,11.44,-2.14
HD 217786 b,4133.22,11.4,0.89
kappa And b,4133.22,11.4,1.97
HD 22781 b,4339.88,11.36,0.46
HD 13189 b,4451.16,11.34,-1.82
HD 8673 b,4514.75,11.33,0.25
HD 162020 b,4578.34,11.32,-2.11
HAT-P-13 c,4610.13,11.31,-1.13
HD 168443 c,5466.34,11.13,1.36
HD 202206 b,5532.16,11.12,-0.94
HD 38529 c,5627.54,11.1,0.47
Kepler-39 b,5722.92,13.66,-2.33
HD 41004 B b,5850.1,11.05,-2.25
11 Com b,6168.04,10.98,-2.18
NGC 4349 No 127 b,6295.21,10.95,-2.12
tau Gem b,6549.56,10.9,-2.19
BD20 2457 b,6810.27,10.85,-2.18
CoRoT-3 b,6921.55,11.31,-2.52
HD 180314 b,6994.68,10.81,-2.01
nu Oph b,7630.56,10.68,-2.07
nu Oph c,8584.38,10.48,-1.4
KELT-1 b,8705.2,12.5,-2.53